{"loss": 0.3155091106891632, "acc": 0.87158203125}