{"loss": 0.3154495060443878, "acc": 0.8720703125}